NAME,POS,TEAM,DEPTH,Week 1,Week 2,Week 3,Week 4,Week 5,Week 6,Week 7,Week 8,Week 9,Week 10,Week 11,Week 12,Week 13,Week 14,Week 15,Week 16,Week 17,Total,Avg,TM SNAP %,TD
"Tua Tagovailoa","QB","MIA",1,"","","","","",5,"",49,61,58,44,"",70,83,73,46,83,571,57,53.51,
"Andy Dalton","QB","DAL",2,"",2,"","",22,86,44,"","","",48,59,79,51,58,70,82,619,56,54.06,
"Amari Cooper","WR","DAL",1,68,75,65,63,42,79,42,59,59,"",39,50,69,42,45,51,80,943,58,82.36,5
"Dalton Schultz","TE","DAL",1,50,57,55,63,58,72,45,75,69,"",44,51,71,49,51,65,80,971,60,84.8,4
"Drew Lock","QB","DEN",2,59,13,"","","",64,76,65,73,71,65,"",66,61,64,77,80,835,64,77.6,
"Kirk Cousins","QB","MIN",1,52,54,65,66,87,56,"",52,58,73,47,73,91,79,68,64,80,1082,67,100,
"Lynn Bowden Jr.","RB","MIA","","",4,"",4,10,5,"","","","","",22,31,59,66,58,78,336,33,31.49,
"Michael Gallup","WR","DAL",1,69,75,70,67,64,72,51,69,68,"",41,45,74,48,38,58,78,1003,62,87.6,5
"Adam Thielen","WR","MIN",1,50,48,61,58,81,52,"",47,50,72,41,"",83,71,64,56,76,926,61,85.58,14
"DeVante Parker","WR","MIA",1,23,66,56,57,53,46,"",29,55,53,63,67,55,27,"","",76,726,51,68.04,4
"Mitch Trubisky","QB","CHI",2,65,65,39,"","","","",1,"","","",68,69,60,64,64,75,570,57,53.22,
"John Wolford","QB","LAR",3,"","","","","","","","","","","","","","","","",73,73,73,6.52,
"Matt Ryan","QB","ATL","",79,75,68,70,65,80,75,70,71,"",45,69,67,57,65,68,72,1113,69,99.2,
"Noah Fant","TE","DEN",1,43,61,53,35,"","",54,51,57,60,49,30,54,5,44,64,72,733,48,68.12,3
"Robert Woods","WR","LAR",1,61,59,67,54,59,57,65,88,"",56,68,62,62,49,53,68,72,999,62,89.28,6
"Allen Robinson II","WR","CHI",1,53,53,64,55,55,58,50,68,73,45,"",64,51,45,57,49,71,911,56,85.06,6
"Justin Herbert","QB","LAC",1,"",83,78,53,71,"",79,87,78,63,82,83,72,73,66,57,71,1096,73,93.44,
"Ryan Tannehill","QB","TEN",1,81,62,75,"","",75,57,62,55,59,51,69,72,60,65,52,71,1051,65,97.95,
"DaeSean Hamilton","WR","DEN","",47,34,12,57,"",38,27,61,27,"",15,18,12,13,11,61,69,534,33,49.63,2
"Derek Carr","QB","OAK",1,63,80,59,74,51,"",65,72,50,72,43,52,78,68,11,64,69,1006,62,92.98,
"Cole Kmet","TE","CHI",1,20,22,26,15,21,23,20,30,36,35,"",54,54,51,64,65,67,603,37,56.3,2
"Tom Brady","QB","TB","",70,61,68,76,71,56,72,70,49,75,69,59,"",51,68,43,67,1024,64,95.43,
"C.J. Beathard","QB","SF",2,"","","",23,33,"","","","",1,"","","","",7,"",66,186,31,17,
"Calvin Ridley","WR","ATL",1,68,63,63,45,48,59,58,23,"","",37,56,63,48,58,54,65,822,54,73.26,9
"Cam Newton","QB","NE","",64,72,69,"","",57,32,65,"",58,50,53,58,45,55,33,65,620,41,86.71,1
"Jakobi Meyers","WR","NE",1,7,8,7,"","","",41,64,"",57,49,50,56,59,53,50,65,382,27,53.43,
"Mike Glennon","QB","JAX","","","","","","","","","","","","",65,71,32,"",55,65,288,57,27.77,
"Russell Wilson","QB","SEA",1,62,63,76,63,54,"",84,68,65,67,66,67,72,55,57,63,65,535,33,100,
"A.J. Brown","WR","TEN",1,66,"","","","",63,53,59,45,49,41,58,62,37,57,42,64,759,54,70.74,11
"Jerry Jeudy","WR","DEN",1,44,44,46,48,"",47,58,58,61,61,41,22,49,45,56,61,64,806,50,74.91,3
"Justin Jefferson","WR","MIN",1,36,29,51,51,70,50,"",34,35,61,43,72,82,68,66,58,64,886,55,81.89,7
"Mike Gesicki","TE","MIA",2,45,41,30,45,30,37,"",28,43,28,43,50,49,43,"",45,64,621,41,58.2,6
"Alex Smith","QB","WAS","","","","","",29,"","","",44,88,45,69,72,32,"","",63,459,57,42.15,
"Cam Sims","WR","WAS",6,"",4,1,4,"",7,61,"",40,83,38,55,62,59,77,71,63,639,39,58.68,1
"Dare Ogunbowale","RB","JAX",4,"","",5,"","","",6,"",3,10,7,"",10,22,14,39,63,185,13,17.84,
"Deshaun Watson","QB","HOU",1,59,59,47,65,58,72,68,"",64,57,44,56,64,65,69,52,63,978,61,99.9,
"Isaiah Ford","WR","MIA","",46,48,27,45,24,18,"",17,"","","","","","",54,33,63,374,37,35.05,
"Logan Thomas","TE","WAS",1,52,60,55,66,47,63,54,"",54,87,41,67,72,62,80,71,63,1009,63,92.65,6
"Philip Rivers","QB","IND","",73,73,46,72,56,63,"",77,67,69,56,64,66,58,51,69,63,1045,65,95.87,
"Sam Darnold","QB","NYJ",3,56,65,64,73,"","",57,57,"","","",55,62,53,65,69,63,739,61,74.72,
"Baker Mayfield","QB","CLE",1,73,58,63,75,73,42,52,49,"",65,49,67,72,83,64,81,62,1046,65,98.59,
"David Montgomery","RB","CHI",1,29,35,46,53,51,56,52,59,50,"","",58,52,40,56,60,62,759,50,70.87,2
"Duke Johnson","RB","HOU","",14,56,45,25,17,19,20,"",52,54,34,42,"","",55,50,62,521,47,53.22,1
"CeeDee Lamb","WR","DAL",1,59,68,49,62,36,60,31,37,38,"",32,42,48,26,33,36,61,730,45,63.76,5
"Russell Gage","WR","ATL",1,55,62,12,47,40,51,24,39,39,"",36,69,52,41,59,62,61,762,47,67.91,4
"Zach Ertz","TE","PHI",1,58,67,84,59,56,48,"","","","","","",27,50,62,62,61,372,33,65.61,1
"Brandin Cooks","WR","HOU",1,31,53,41,61,48,63,55,"",58,55,41,49,53,"",68,50,60,801,53,81.82,6
"Darren Waller","TE","OAK",1,56,74,56,70,47,"",59,57,44,64,40,61,74,66,69,63,60,992,62,91.68,9
"Tyler Higbee","TE","LAR",1,65,59,50,48,56,45,"",57,"",59,52,38,70,55,49,52,60,814,54,72.74,5
"Chad Hansen","WR","HOU","","","","","","","","","","","","","",59,53,63,50,59,284,56,29.01,1
"Chris Godwin","WR","TB",1,66,"",55,"","",40,59,"",47,72,68,54,"",44,60,51,59,675,56,62.91,7
"Corey Davis","WR","TEN",2,66,50,55,"","","",52,49,43,40,38,56,56,42,53,45,59,718,51,66.92,5
"Vance McDonald","TE","PIT","",38,36,41,"",42,40,35,21,20,"","",28,28,19,60,16,59,484,34,44.04,
"Daniel Jones","QB","NYG",1,68,65,52,68,68,48,60,74,77,71,"",51,"",44,"",64,58,868,62,85.69,
"Derrick Henry","RB","TEN",1,61,44,56,"","",45,42,33,29,38,40,46,39,42,43,39,58,704,44,65.61,
"Diontae Johnson","WR","PIT",1,55,54,19,"",6,"",59,41,59,63,44,65,57,"","","",58,733,48,66.7,7
"Isaiah McKenzie","WR","BUF",1,16,7,17,21,"",7,15,6,5,9,"",12,11,10,22,32,58,270,16,24.77,5
"Mason Rudolph","QB","PIT",3,"","","","","",7,"","",4,4,3,"","","","","",58,79,15,7.19,
"Matthew Stafford","QB","DET",1,78,59,66,61,"",77,62,61,60,59,41,82,68,61,56,4,58,967,60,92.36,
"N'Keal Harry","WR","NE","",51,61,46,57,"",51,11,"","",35,38,26,34,36,36,30,58,390,27,54.55,2
"Tyler Lockett","WR","SEA",1,58,60,74,56,52,"",78,59,62,58,49,60,62,47,52,59,58,499,31,93.27,10
"DK Metcalf","WR","SEA",1,61,63,73,55,52,"",81,65,65,64,61,55,70,46,51,61,57,515,32,96.26,10
"Lamar Jackson","QB","BAL",1,53,65,56,47,62,73,"",82,64,66,47,"",55,49,55,68,57,917,61,89.29,
"Tyler Conklin","TE","MIN",1,8,3,10,8,10,7,"",11,25,46,6,48,59,45,45,55,57,448,28,41.4,1
"Antonio Brown","WR","TB","","","","","","","","","",39,39,43,43,"",25,32,46,56,323,40,30.1,4
"Breshad Perriman","WR","NYJ","",56,20,"","","",63,54,"","","",59,54,59,53,63,69,56,651,54,65.82,3
"JuJu Smith-Schuster","WR","PIT",1,55,59,58,"",57,42,65,41,63,61,43,67,61,57,59,63,56,923,57,83.99,9
"Zach Pascal","WR","IND",2,46,59,55,54,51,58,"",58,41,47,37,53,55,41,47,61,56,834,52,76.51,5
"Jeff Wilson Jr.","RB","SF",2,"",5,23,6,15,"",37,"","","","",25,28,39,39,"",55,311,25,28.43,3
"Jonathan Taylor","RB","IND",1,26,49,24,33,31,37,"",26,21,17,34,"",33,34,38,40,55,511,34,46.88,1
"Josh Reynolds","WR","LAR",1,37,42,62,30,49,50,53,77,"",56,65,61,38,35,45,48,55,802,50,71.67,2
"Kendrick Bourne","WR","SF",1,57,45,64,50,42,41,30,60,"",41,"",41,30,72,42,"",54,688,45,62.89,2
"Chad Henne","QB","KC","","","","","","","",10,12,"","","","","","","","",53,75,4,4.7,
"Marvin Jones Jr.","WR","DET",1,71,53,60,54,"",62,56,60,71,51,36,68,64,60,58,50,53,940,58,89.78,9
"Chris Conley","WR","JAX",2,16,34,53,21,24,15,16,"",49,55,27,"",8,9,23,27,52,439,29,42.33,2
"DJ Moore","WR","CAR",1,58,65,45,55,51,64,42,48,81,43,44,59,"","",56,55,52,836,55,81.01,4
"Drew Brees","QB","NO","",66,60,59,67,72,"",69,70,60,20,"","","","",54,68,52,717,59,59.8,
"Austin Hooper","TE","CLE",2,56,57,54,63,58,40,"","","",55,33,47,54,"",45,59,51,684,52,64.47,4
"Darius Slayton","WR","NYG",1,58,58,51,66,64,40,55,68,65,45,"",56,51,47,47,55,51,877,54,86.57,3
"Hunter Renfrow","WR","OAK",1,30,40,39,50,17,"",35,15,29,34,15,41,52,38,13,39,51,550,34,50.83,2
"Melvin Gordon III","RB","DEN","",37,61,39,56,"","",46,36,44,40,34,35,35,28,34,51,51,627,41,58.27,1
"Myles Gaskin","RB","MIA",5,39,49,46,46,42,39,"",43,"","","","",50,"","",48,51,453,45,42.46,2
"Richie James","WR","SF",2,10,"","","","",7,16,"",51,69,"",63,7,26,54,"",51,405,36,37.02,1
"Terry McLaurin","WR","WAS",1,65,62,63,64,54,70,58,"",53,86,41,62,68,58,78,"",51,949,63,87.14,4
"Alexander Mattison","RB","MIN",2,19,10,16,15,43,27,"",5,16,5,3,12,"","",6,"",50,229,17,21.16,1
"Jalen Guyton","WR","LAC",2,47,44,63,45,65,"",54,76,69,44,69,63,64,61,53,52,50,919,57,78.35,3
"Jalen Hurts","QB","PHI",1,"",3,3,4,2,7,5,3,"",3,1,2,26,69,83,73,50,27,1,4.76,
"Darwin Thompson","RB","KC","","",15,6,"","",3,"",7,"","","","","","","","",49,80,5,5,1
"David Njoku","TE","CLE",1,17,"","","",21,23,31,29,"",23,25,40,30,51,31,31,49,410,31,38.64,2
"Gerald Everett","TE","LAR",1,24,30,28,33,30,30,55,52,"",43,41,29,60,53,27,52,49,636,39,56.84,1
"Hayden Hurst","TE","ATL",1,62,49,43,45,54,68,55,56,51,"",39,37,42,33,43,44,49,786,49,70.05,6
"KeeSean Johnson","WR","ARI",3,"","",46,"",5,"","","","","","",9,45,19,21,"",49,214,26,18.94,
"Sterling Shepard","WR","NYG",2,53,15,"","","","",46,52,60,58,"",63,27,39,38,61,49,561,46,55.38,3
"Will Dissly","TE","SEA",2,25,31,30,27,20,"",49,43,21,24,43,48,39,36,37,35,49,246,15,45.98,2
"Cam Akers","RB","LAR",1,24,3,"","",13,1,3,20,"",18,12,17,52,50,36,"",48,297,22,26.54,1
"DeAndre Hopkins","WR","ARI",1,77,75,61,54,65,48,80,"",67,70,61,72,64,62,65,"",48,1043,65,92.3,6
"Demarcus Robinson","WR","KC","",33,48,41,23,49,69,34,36,50,"",46,57,37,33,50,41,47,694,43,43.4,3
"Ezekiel Elliott","RB","DAL","",63,76,80,63,54,54,37,62,47,"",33,39,50,32,"",37,47,787,52,68.73,2
"Marquez Callaway","WR","NO",2,"",13,2,15,52,"",51,"",17,6,4,13,"","","",42,47,262,20,20.2,
"Aaron Rodgers","QB","GB",1,76,68,62,62,"",60,60,75,62,65,44,69,61,67,62,63,46,1017,63,97.88,
"Boston Scott","RB","PHI",1,38,13,13,9,7,35,56,41,"",18,20,26,16,15,15,8,46,213,13,37.57,1
"Dawson Knox","TE","BUF",1,56,22,"",29,"","","","",25,51,"",38,49,60,40,46,46,487,40,44.68,3
"Geoff Swaim","TE","TEN","","","","","","",49,10,"","",36,32,46,38,32,"",24,46,353,35,32.9,1
"Jarvis Landry","WR","CLE","",52,35,45,57,56,44,40,38,"",38,28,41,48,76,45,"",46,699,46,65.88,3
"Byron Pringle","WR","KC","",6,7,3,"",10,28,31,37,19,"",29,"","","",6,7,45,228,17,17.5,1
"Darnell Mooney","WR","CHI",1,21,39,51,46,41,44,51,65,67,46,"",58,56,45,53,53,45,781,48,72.92,4
"Keelan Cole","WR","JAX",2,33,51,50,50,60,48,48,"",47,52,34,61,49,61,43,40,45,785,49,75.7,5
"Laviska Shenault Jr.","WR","JAX",2,31,43,45,37,52,47,47,"",10,"","",59,25,53,43,48,45,585,41,56.41,5
"Rob Gronkowski","TE","TB","",54,42,63,65,57,55,55,50,27,65,54,43,"",39,62,33,45,808,50,75.3,7
"Curtis Samuel","WR","CAR",1,50,51,33,36,48,"",22,41,60,34,35,42,"",53,58,38,44,659,43,63.86,3
"Deon Yelder","TE","KC","","","",9,12,7,7,14,16,7,"",11,15,15,8,19,6,44,190,11,11.9,
"Evan Engram","TE","NYG",1,64,63,44,57,55,39,50,61,58,49,"",78,40,42,43,50,44,837,52,82.63,1
"Luke Stocker","TE","ATL","",25,29,32,33,23,31,35,34,37,"",12,34,24,33,32,40,44,503,31,44.83,
"Nelson Agholor","WR","OAK",2,12,15,50,67,40,"",51,56,42,43,32,42,52,45,64,49,44,731,45,67.56,8
"Rashard Higgins","WR","CLE","",16,5,"","",40,34,44,35,"",38,29,41,49,69,47,"",44,502,38,47.31,4
"T.Y. Hilton","WR","IND","",59,42,31,54,53,59,"",28,"",47,37,54,43,41,35,47,44,688,45,63.12,5
"Ty Montgomery","RB","NO",2,4,6,"","","","","","","","",1,"","","","","",44,55,5,5.5,
"Van Jefferson","WR","LAR",1,33,26,8,3,18,3,3,14,"",13,4,"",40,19,14,14,44,256,16,22.88,1
"Brandon Allen","QB","CIN","","","","","","","","","","","","",49,44,65,"",76,43,277,55,25.77,
"Jack Doyle","TE","IND","",54,"",32,45,34,39,"",45,22,"",33,22,38,42,41,38,43,540,38,49.54,3
"James Conner","RB","PIT",1,15,50,53,"",47,43,66,31,32,64,38,"","",23,"",42,43,561,43,51.05,
"Marquise Brown","WR","BAL",1,37,44,44,43,54,62,"",77,55,62,34,42,45,52,52,43,43,802,50,78.09,8
"Stephen Anderson","TE","LAC","",11,4,5,3,"","",8,1,3,1,6,6,15,3,4,25,43,138,8,11.76,
"Jamison Crowder","WR","NYJ",2,48,"","",65,52,63,"","","","",56,44,42,38,49,63,42,593,49,59.96,6
"Mark Andrews","TE","BAL",1,42,38,44,37,43,37,"",51,38,50,41,"","",40,34,45,42,597,42,58.13,7
"Mike Williams","WR","LAC",1,58,74,40,"",55,"",61,76,73,48,68,67,59,2,28,48,42,799,53,68.12,5
"Chosen Anderson","WR","CAR",2,55,54,40,44,47,59,40,45,69,35,36,53,"",57,62,52,42,805,50,78,3
"Tyron Johnson","WR","LAC","","","","",8,5,"",11,"",3,13,11,18,15,54,39,44,42,263,21,22.42,3
"Adam Trautman","TE","NO",3,7,8,32,19,"","",28,16,29,27,23,39,27,15,21,52,41,384,24,24,1
"Davante Adams","WR","GB",1,70,38,"","","",52,57,71,50,53,41,63,54,62,60,47,41,774,55,74.49,18
"Emmanuel Sanders","WR","NO","",33,47,48,51,45,"","","",22,34,28,20,49,53,39,38,41,548,34,34.2,5
"George Kittle","TE","SF",1,61,"","",72,64,71,60,46,"","","","","","","","",41,443,55,40.49,2
"Ian Thomas","TE","CAR",2,44,40,35,45,42,47,32,40,59,29,29,43,"",47,50,40,41,672,42,65.12,1
"Jacob Hollister","TE","SEA","",11,9,11,14,3,"",23,26,31,6,13,37,39,37,40,33,41,128,8,23.93,3
"Javon Wims","WR","CHI",3,23,29,23,10,17,13,18,9,"","","","",28,25,21,36,41,294,22,27.45,1
"J.J. Arcega-Whiteside","WR","PHI","",28,16,18,"",8,12,13,5,"","","","","","","","",41,100,12,17.64,
"Jonnu Smith","TE","TEN",2,59,54,66,"","",29,40,50,52,47,38,54,"",41,63,40,41,745,49,69.43,8
"Sony Michel","RB","NE","",19,15,26,"","","","","","","","",1,22,15,23,19,41,61,6,8.53,1
"Terry Godwin","WR","JAX","","","","","","","","","","",2,"","","","","","",41,50,16,4.82,
"Trent Sherfield","WR","ARI",1,2,5,1,"",9,6,1,"",1,"","","",1,5,2,"",41,79,5,6.99,
"Tyler Boyd","WR","CIN",2,55,78,54,58,46,57,60,55,"",52,41,40,24,59,11,"",41,746,49,69.4,4
"Damiere Byrd","WR","NE",3,56,62,66,73,"",55,48,65,"",42,45,45,52,52,53,50,40,654,40,91.47,1
"Anthony Miller","WR","CHI",3,27,26,47,43,26,44,37,53,53,24,"",47,39,33,16,30,39,584,36,54.53,2
"Keke Coutee","WR","HOU","","",5,"","","","","","","","",25,28,48,49,55,33,39,292,36,29.83,3
"Teddy Bridgewater","QB","CAR","",67,73,51,77,65,68,46,48,83,43,"",65,"",67,69,68,39,928,61,89.92,
"T.J. Hockenson","TE","DET",1,50,41,54,46,"",46,45,45,57,39,27,60,53,57,52,46,39,766,47,73.16,6
"Eric Tomlinson","TE","NYG","",2,"","","","","","","","","","","",14,10,23,23,38,2,0,0.2,
"Gabe Davis","WR","BUF",1,43,22,46,36,"",33,70,35,32,37,"",60,71,62,68,72,38,797,49,73.12,7
"Josh Jacobs","RB","OAK",1,49,53,35,50,33,"",32,48,28,43,32,38,"",29,52,32,38,616,41,56.93,
"Pharaoh Brown","TE","HOU",2,"","",4,7,24,30,19,"",25,18,20,30,5,"",17,27,38,271,20,27.68,2
"Alex Erickson","WR","CIN","",4,8,6,7,2,3,"",1,"","",3,8,19,8,28,62,37,198,12,18.42,
"Antonio Gibson","RB","WAS",1,18,43,25,31,30,27,33,"",25,33,24,45,4,"","",21,37,405,28,37.19,
"Miles Boykin","WR","BAL",2,40,48,46,31,36,33,"",33,23,19,11,18,48,42,35,42,37,545,34,53.07,4
"Quez Watkins","WR","PHI",2,"","","","",5,15,"","","","","","","",22,28,12,37,20,3,3.53,1
"Allen Lazard","WR","GB",1,68,61,59,"","","","","","","",26,33,42,46,48,41,36,470,47,45.24,3
"Tyler Eifert","TE","JAX","",28,45,40,46,46,5,"","",38,40,17,39,51,45,37,28,36,548,36,52.84,2
"Chase Claypool","WR","PIT",1,19,24,61,"",52,51,51,41,56,44,34,45,31,38,43,54,35,692,43,62.97,9
"Devin Asiasi","TE","NE",2,10,10,29,8,"",24,"","","","","","","",23,27,47,35,81,9,11.33,1
"Josh Allen","QB","BUF",1,87,61,62,61,"",53,74,58,68,73,"",61,73,75,72,57,35,1035,64,94.95,1
"Kareem Hunt","RB","CLE","",36,20,29,26,51,30,47,42,"",38,26,28,35,39,21,35,35,548,34,51.65,5
"Laquon Treadwell","WR","ATL","","","","","","","","","","","","","","",8,5,11,35,59,11,5.26,2
"A.J. Green","WR","CIN","",45,57,55,53,28,58,65,62,"",54,39,40,45,63,51,56,34,820,51,76.28,2
"Cameron Brate","TE","TB","",7,4,5,16,33,23,12,12,12,29,29,23,"",24,23,32,34,318,19,29.64,2
"Tony Pollard","RB","DAL",2,10,8,6,22,15,32,19,17,23,"",15,21,31,19,52,33,34,363,22,31.7,1
"Ty Johnson","RB","NYJ","","",5,"","","",4,"",6,"","",14,10,39,20,22,18,34,169,13,17.09,1
"Kaden Smith","TE","NYG","",29,31,16,24,27,23,36,42,41,41,"","",37,23,24,26,33,453,30,44.72,
"Wayne Gallman","RB","NYG","",3,"",18,10,12,4,32,32,44,42,"",51,28,27,23,32,33,391,26,38.6,
"Aaron Jones","RB","GB",1,42,35,44,33,"",36,"","",40,41,22,38,40,47,56,25,32,539,38,51.88,2
"Dan Arnold","TE","ARI",2,45,56,31,31,27,26,21,"",18,35,26,27,9,24,26,"",32,469,29,41.5,4
"Garrett Griffin","TE","NO","","","","",22,18,"","","","","",14,"","","","","",32,86,12,12.3,
"J.K. Dobbins","RB","BAL",1,23,20,24,21,18,30,"",54,36,29,30,"",21,37,35,35,32,456,30,44.4,
"Mecole Hardman","WR","KC",1,20,50,29,26,50,29,22,45,42,"",12,24,21,19,32,41,32,494,30,30.9,4
"Quintez Cephus","WR","DET","",62,39,10,6,"","","","",31,30,12,25,31,33,29,20,32,365,28,34.86,2
"Brian Hill","RB","ATL","",21,15,23,16,20,21,17,25,19,"",19,39,11,9,15,19,31,327,20,29.14,
"Drew Sample","TE","CIN",4,24,54,64,64,63,55,73,62,"",57,41,38,45,64,51,66,31,868,54,80.74,1
"James O'Shaughnessy","TE","JAX","",20,35,27,35,33,48,44,"",33,25,"",24,33,27,25,26,31,466,31,44.94,
"Nick Vannett","TE","DEN","",16,23,"",28,"",29,35,11,11,10,41,20,30,45,16,15,31,361,24,33.55,1
"Stefon Diggs","WR","BUF",1,82,48,61,56,"",51,72,53,60,69,"",60,69,70,67,56,31,965,60,88.53,8
"Austin Ekeler","RB","LAC",1,50,47,56,3,"","","","","","","",60,43,44,41,37,30,411,41,35.04,2
"Chris Carson","RB","SEA","",28,40,44,35,31,"",15,"","","","",25,42,33,40,40,30,193,16,36.07,4
"Chris Manhertz","TE","CAR",2,36,36,24,59,32,33,20,19,30,26,31,25,"",29,26,37,30,503,31,48.74,
"Dalton Keene","TE","NE",6,"","","","","","",24,"","","","","",23,31,29,3,30,24,4,3.36,
"Devin Duvernay","WR","BAL",2,11,6,7,16,18,26,"",37,26,36,7,41,44,9,4,23,30,347,21,33.79,
"James Washington","WR","PIT",2,37,31,49,"",53,43,18,10,13,28,15,24,38,46,27,18,30,486,30,44.22,5
"Jimmy Graham","TE","CHI","",52,40,55,41,48,45,48,44,50,29,"",24,34,29,34,33,30,636,39,59.38,8
"John Brown","WR","BUF","",81,56,29,52,"",51,"",47,53,54,"","","","","","",30,453,50,41.56,3
"Leonard Fournette","RB","TB","",9,26,25,"",1,"",40,51,33,29,36,33,"","",45,25,30,383,29,35.69,
"MyCole Pruitt","TE","TEN","",31,21,25,"","","",15,16,7,"","","",32,34,38,12,30,262,23,24.42,2
"Ross Dwelley","TE","SF",4,7,39,62,13,1,21,22,39,42,37,"",44,35,36,46,"",30,502,31,45.89,1
"Diontae Spencer","WR","DEN",8,6,3,2,1,"",4,"","","","",1,"","",2,1,13,29,65,5,6.04,
"Kenyan Drake","RB","ARI","",58,50,44,37,50,42,34,"","",38,33,41,29,44,34,"",29,615,41,54.42,
"Matt Barkley","QB","BUF",2,"","","","","","","","","","","",1,"","",1,15,29,53,10,4.86,
"Mo Alie-Cox","TE","IND",1,29,49,35,33,21,"","",32,35,46,31,38,44,20,25,23,29,502,33,46.06,2
"Travis Fulgham","WR","PHI","","","","",37,46,58,78,59,"",59,47,37,25,11,26,22,29,279,21,49.21,4
"Vyncint Smith","WR","NYJ",7,"","","","","",5,3,13,"","","","","","","","",29,50,7,5.06,
"Chris Streveler","QB","ARI",3,1,1,"","","","","","","","","","","","","","",28,30,6,2.65,
"J.D. McKissic","RB","WAS","",31,29,34,39,27,39,34,"",45,62,23,28,53,41,70,49,28,641,40,58.86,2
"Jesse James","TE","DET","",39,30,33,30,"",42,25,20,25,32,21,38,24,26,32,12,28,465,29,44.41,2
"Rashaad Penny","RB","SEA",3,"","","","","","","","","","","","","","",6,4,28,38,12,4,
"River Cracraft","WR","SF",2,"","","","","","","","",51,3,"",2,1,14,12,"",28,112,12,10.24,
"Royce Freeman","RB","DEN","",6,16,24,14,"",25,18,"",1,10,4,13,4,4,7,18,28,193,12,17.94,
"Scotty Miller","WR","TB",1,43,42,29,40,45,23,43,53,19,9,15,10,"",5,13,23,28,440,27,41.01,3
"Todd Gurley II","RB","ATL","",36,48,35,38,36,46,53,36,44,"",17,"",22,19,16,27,28,507,33,45.19,
"Maxx Williams","TE","ARI","",43,"","","","","","","",34,39,38,53,18,51,23,"",27,326,36,28.85,1
"Mohamed Sanu","WR","DET","","",13,20,7,"","","","","","",11,"","",41,42,38,27,40,4,3.66,1
"Nick Chubb","RB","CLE",1,35,36,34,14,"","","","","",28,22,41,36,44,38,47,27,410,34,38.64,
"Darren Fells","TE","HOU","",25,24,24,52,50,63,53,"",33,34,15,28,27,40,18,20,26,538,33,54.95,4
"David Moore","WR","SEA","",33,32,31,22,23,"",29,20,34,41,37,24,45,39,21,25,26,224,14,41.87,6
"KhaDarel Hodge","WR","CLE",2,40,33,35,"","","","",34,"",38,35,29,"","",8,"",26,291,32,27.43,
"Zay Jones","WR","OAK",1,9,18,27,66,5,"",10,10,5,8,3,13,7,16,53,6,26,288,18,26.62,1
"Kalen Ballage","RB","NYJ","","",8,19,30,"","","","","","",55,"","",23,21,21,25,244,22,20.8,
"Kyler Murray","QB","ARI",1,82,77,65,57,75,62,84,"",69,73,67,74,64,79,68,"",25,1102,68,97.52,
"Tyrie Cleveland","WR","DEN",2,5,"",4,2,"",4,13,"",6,"","",11,2,"","","",25,72,7,6.69,
"Danny Amendola","WR","DET","",43,33,29,34,"",27,33,41,48,23,"","",33,35,27,31,24,460,32,43.94,
"Josh Adams","RB","NYJ","",13,5,"","","","","","","","","",1,19,12,1,"",24,75,9,7.58,
"Dez Bryant","WR","BAL","","","","","","","","","",2,"",25,"","","",18,19,23,129,21,12.56,2
"Durham Smythe","TE","MIA",2,13,35,42,29,"",19,"",32,25,39,13,30,41,36,42,30,23,448,29,41.99,2
"Jeremy Sprinkle","TE","WAS","",28,6,6,8,9,11,28,"",5,4,6,20,13,15,19,11,23,218,13,20.02,
"Lee Smith","TE","BUF","","","",1,"","",2,"",8,"",12,"",17,25,29,30,24,23,171,17,15.69,2
"Malcolm Brown","RB","LAR","",44,37,34,35,26,27,29,57,"",29,27,25,13,6,16,44,23,472,29,42.18,
"Gabe Nabers","RB","LAC","",6,8,3,7,13,"",14,3,1,10,7,7,3,12,11,2,22,129,8,11,2
"Justin Jackson","RB","LAC","",11,"","",21,42,"",31,41,3,"","","","",11,"",8,22,190,21,16.2,
"Marquez Valdes-Scantling","WR","GB",1,42,46,57,61,"",53,51,62,59,60,37,56,46,47,40,41,22,793,49,76.32,6
"PJ Walker","QB","CAR",2,"","","","","","","",9,"",5,52,"","","","","",22,107,26,10.37,
"Chase Edmonds","RB","ARI",3,28,27,21,21,34,23,51,"",66,36,36,33,37,40,36,"",21,525,32,46.46,4
"Marcedes Lewis","TE","GB","",32,33,20,"","",21,31,20,32,26,14,33,35,38,30,31,21,422,28,40.62,3
"Taysom Hill","QB","NO",2,17,14,13,20,20,"",10,14,19,22,48,61,78,63,10,24,21,454,28,28.4,1
"Chad Beebe","WR","MIN","","","",22,16,27,22,"",11,17,22,12,35,28,34,20,"",20,314,22,29.02,2
"Dante Pettis","WR","SF",3,45,10,8,"","","","",3,"","","","","","","",29,20,66,9,6.03,1
"Gehrig Dieter","WR","KC","","","","","","","","","","","",2,"","","","",2,20,24,6,6,
"James White","RB","NE","",19,"","",40,"",31,10,31,"",10,28,20,19,27,27,16,20,221,15,30.91,1
"Jared Cook","TE","NO","",44,39,21,"",41,"",34,40,26,21,18,19,28,36,32,40,20,459,28,28.7,7
"Jason Huntley","RB","PHI",4,1,"","","","","",8,2,"","","","","","","","",20,11,2,1.94,
"Nick Keizer","TE","KC","",30,11,20,19,17,21,12,19,13,"",21,20,13,12,33,13,20,294,18,18.4,
"Trey Burton","TE","IND","","","","",36,25,35,"",39,29,37,17,27,25,25,19,34,20,376,28,34.5,3
"Adam Shaheen","TE","MIA","",12,17,24,20,38,16,"",16,24,22,13,25,26,37,43,15,19,367,22,34.4,3
"Bryan Edwards","WR","OAK",6,47,49,24,"","","","","",1,20,5,19,15,20,24,12,19,259,21,23.94,1
"Gus Edwards","RB","BAL",2,15,20,13,22,25,32,"",26,24,15,7,28,18,16,27,34,19,346,21,33.69,
"Jalen Reagor","WR","PHI",2,40,60,"","","","","",46,"",59,46,43,44,47,46,43,19,147,13,25.93,1
"Levine Toilolo","TE","NYG","",24,11,4,11,16,9,9,21,25,21,"",39,32,10,18,6,19,275,17,27.15,
"Samaje Perine","RB","CIN",1,"","",1,1,"",3,19,24,"",16,23,7,17,28,12,29,19,207,12,19.26,
"Denzel Mims","WR","NYJ",2,"","","","","","",45,55,"","",54,52,50,"",58,63,18,439,48,44.39,
"Devin Singletary","RB","BUF",2,51,34,55,54,"",40,40,28,31,34,"",25,62,30,39,35,18,621,38,56.97,
"Nate Sudfeld","QB","PHI",3,"","","","","","","","","","","","","","","","",18,18,18,2,
"Pharoh Cooper","WR","CAR","",3,6,9,20,15,4,2,2,4,"",2,"","",39,9,10,18,143,8,13.86,
"Tyler Johnson","WR","TB","","","",21,25,56,17,29,35,6,7,7,5,"",3,11,25,18,264,18,24.6,2
"Zack Moss","RB","BUF",2,39,28,"","","",13,35,31,38,39,"",37,11,44,34,36,18,403,31,36.97,1
"Cameron Batson","WR","TEN","","",34,45,"","",20,"","",13,24,13,23,22,21,21,25,17,283,23,26.37,1
"Colin Thompson","TE","CAR","","",1,2,18,14,9,4,10,6,14,16,24,"",10,11,23,17,183,12,17.73,1
"Devontae Booker","RB","OAK","",8,11,4,6,11,"",15,10,13,26,11,22,33,19,9,15,17,238,14,22,
"Mark Ingram II","RB","BAL","",21,27,18,14,19,9,"","","",17,3,"",11,1,"","",17,160,14,15.58,
"Ameer Abdullah","RB","MIN",2,2,1,"","",1,16,"","",1,3,"","",4,15,1,11,16,71,4,6.56,2
"Ashton Dulin","WR","IND",2,"",6,12,18,7,6,"",9,"","","","",8,11,4,8,16,105,8,9.63,
"Blake Bell","TE","DAL",3,8,33,27,28,18,19,20,41,31,"",10,18,18,15,22,30,16,358,22,31.27,
"Giovani Bernard","RB","CIN","",20,42,18,13,16,35,57,47,"",44,27,38,35,17,38,44,16,517,32,48.09,3
"Jason Witten","TE","OAK","",28,26,15,19,28,"",21,38,21,37,24,17,16,20,37,22,16,404,25,37.34,2
"Jordan Akins","TE","HOU",3,48,49,32,19,"","","","",22,24,23,26,45,36,40,17,16,405,31,41.37,1
"Stephen Carlson","TE","CLE","",12,4,6,16,"",1,9,9,"","","",3,1,10,"","",16,88,5,8.29,
"Adrian Peterson","RB","DET","",24,15,39,27,"",27,19,12,20,7,12,22,32,17,16,6,15,314,19,29.99,
"Corey Clement","RB","PHI",2,25,3,6,4,3,7,18,20,"",1,"",4,"",2,"",1,14,86,5,15.17,
"Foster Moreau","TE","OAK",3,12,32,15,10,6,"",11,31,13,25,12,8,20,13,20,2,14,255,15,23.57,2
"Freddie Swain","WR","SEA",3,16,12,34,27,21,"",23,19,22,25,15,24,27,33,16,23,14,174,10,32.52,2
"Johnny Mundt","TE","LAR",3,10,1,"",11,2,"",46,"","",14,6,3,7,1,"",6,14,121,7,10.81,
"Jordan Matthews","WR","SF","","","","","","","","","","","","","","","","","",14,14,7,1.28,
"Theo Riddick","RB","OAK","","","","",7,"","","","","","","","",13,"",14,"",14,48,12,4.44,
"Alfred Morris","RB","NYG","","","","","","","","",21,16,15,"",8,11,6,13,8,13,111,12,10.96,1
"Donovan Peoples-Jones","WR","CLE",2,"","","",33,10,3,36,4,"",16,4,11,41,58,36,"",13,268,22,25.26,2
"Gunner Olszewski","WR","NE",1,"","","",6,"","",4,42,"","","",1,6,"",1,"",13,88,6,12.31,1
"Ito Smith","RB","ATL","",20,11,6,16,9,11,3,"","","",3,28,24,25,31,22,13,225,16,20.05,
"Trevon Wesco","TE","NYJ",3,8,24,15,8,16,7,9,9,"","","","","",12,17,8,13,146,12,14.76,
"Cethan Carter","TE","CIN","",1,7,9,20,13,23,"",16,"",12,12,13,14,18,21,24,12,220,14,20.47,
"Chris Moore","WR","BAL",2,"","","","","","","","","","","","","","","",2,12,14,4,1.36,
"Cordarrelle Patterson","WR","CHI",2,10,14,11,11,15,12,13,10,17,25,"",9,17,19,6,"",12,201,12,18.77,
"Dion Lewis","RB","NYG","",6,57,20,21,20,9,15,21,17,14,"",22,12,16,18,24,12,304,19,30.01,1
"Jamaal Williams","RB","GB",2,31,31,19,36,"",32,55,64,"",31,22,33,21,20,4,"",12,418,29,40.23,1
"Jeff Smith","WR","NYJ",3,"","","",73,68,60,12,48,"","",7,3,"",33,"","",12,318,26,32.15,
"John Hightower","WR","PHI",8,27,7,78,50,48,43,30,10,"",3,1,19,18,"","","",12,293,22,51.68,
"Kevin Rader","TE","PIT",4,"","","","","","","","","","","","","","","","",12,12,12,1.09,
"Mike Boone","RB","MIN",3,"","","","",5,5,"","","","","","",2,4,"",3,12,31,1,2.87,
"Nyheim Hines","RB","IND",4,39,9,20,25,21,21,"",16,23,39,20,48,23,22,16,29,12,392,24,35.96,4
"Ray-Ray McCloud III","WR","PIT",1,"","",3,"",18,13,8,22,28,15,15,9,5,4,4,4,12,165,10,15.01,
"Tim Patrick","WR","DEN",1,50,50,53,53,"",59,51,"",60,"",54,31,59,50,57,69,12,750,50,69.7,6
"Austin Carr","WR","NO","","","","","","","",13,21,"","","",15,"","","","",11,60,12,12,1
"Braxton Berrios","WR","NYJ",1,"",46,52,8,24,16,48,48,"","",1,3,5,11,3,7,11,290,18,29.32,3
"Charlie Woerner","TE","SF",3,1,8,12,2,2,2,7,6,8,8,"",13,15,24,"","",11,119,8,10.88,
"Christian Blake","WR","ATL","",7,9,6,19,14,15,5,38,12,"",27,50,3,13,15,21,11,275,17,24.51,
"Darrell Daniels","TE","ARI","",14,43,38,27,50,44,42,"",29,14,"","","","",23,"",11,365,30,32.3,1
"Jamal Agnew","WR","DET",1,15,9,14,11,"",19,12,7,"","",20,25,"","","","",11,200,14,19.1,
"Jeremy McNichols","RB","TEN","",13,11,9,"","",29,15,22,16,17,6,18,33,22,8,9,11,271,33,25.26,
"Mike Evans","WR","TB",1,65,53,61,54,60,51,62,63,43,64,61,53,"",39,55,62,11,856,53,79.78,13
"Troy Fumagalli","TE","DEN","","","","","","","","","","","",20,"","",39,19,20,11,135,16,12.55,1
"Antony Auclair","TE","TB","","","","","","","","",3,4,25,6,8,"",14,"","",10,70,35,6.52,
"Anthony Firkser","TE","TEN","",32,14,19,"","",41,15,26,27,22,20,20,30,16,17,8,10,348,21,32.43,1
"KJ Hill Jr.","WR","LAC","",12,6,38,2,35,"","",1,"",1,2,"",9,16,15,1,10,146,9,12.45,
"Mike Thomas","WR","CIN",8,15,32,16,25,33,26,16,6,"",18,"","",13,6,1,12,10,229,16,21.3,1
"Jerick McKinnon","RB","SF",3,19,13,48,67,16,23,12,35,42,44,"",18,2,"",14,"",9,372,23,34,1
"Joshua Dobbs","QB","PIT",2,"","","","","","","","","","","","","","","","",9,9,9,0.82,
"Justice Hill","RB","BAL",1,"","","","","","","",2,3,5,4,26,6,6,6,3,9,73,6,7.11,
"Kerryon Johnson","RB","DET","",20,19,20,11,"",17,14,11,25,9,28,39,30,15,7,11,9,295,18,28.18,1
"Trayveon Williams","RB","CIN",2,"","","","","","","","","",5,"",5,"",27,7,6,9,59,5,5.49,
"Colby Parkinson","TE","SEA",3,"","","","","","","",3,"","","",11,2,19,8,"",8,3,0,0.56,
"Bisi Johnson","WR","MIN","",33,42,5,11,8,11,"",2,8,2,2,58,8,19,9,11,8,239,14,22.09,
"Andrew Beck","TE","DEN",1,6,7,6,8,"",11,"","","","","","",10,6,3,2,7,66,33,6.13,
"Brandon Zylstra","WR","CAR","",8,4,2,7,"","",5,13,9,11,6,14,"",26,5,3,7,125,7,12.11,
"Cedrick Wilson Jr.","WR","DAL",1,3,4,24,18,15,25,20,19,11,"",10,12,20,7,16,13,7,228,14,19.91,2
"Jameis Winston","QB","NO",2,"","","","","","","","",10,34,"",3,"","","","",7,54,3,3.6,
"Kahale Warring","TE","HOU","","","","","","","","","","","","",4,6,15,12,8,7,52,7,5.31,
"Tommylee Lewis","WR","NO","","","","","","","","",5,"","","","",4,1,6,"",7,23,4,4.6,
"Deon Cain","WR","PIT","","","","","","",4,"","","","","","","","","","",6,10,10,0.91,
"Marcus Baugh","TE","WAS","",27,15,13,9,"","","","","","","","","",4,3,2,6,79,9,7.25,
"Peyton Barber","RB","WAS","",29,1,7,5,2,8,23,"",1,10,10,17,24,30,13,4,6,194,12,17.81,
"Trenton Cannon","RB","CAR","","","","","",2,8,3,"","",5,2,10,"",2,"",3,6,44,3,4.26,
"AJ Dillon","RB","GB",2,5,7,"",3,"",10,14,10,"","","","","","",5,38,5,97,8,9.34,
"Tavon Austin","WR","GB","","","","","","","","","","","","","","",4,4,17,5,30,7,2.89,
"Anthony Sherman","RB","KC","",11,7,10,3,2,"","","","","",1,3,2,5,10,4,4,62,3,3.9,1
"Caleb Wilson","TE","PHI","","","","","","","","","","","",3,5,"","","","",4,0,0,"",
"Damien Williams","RB","KC","","","","","","","","",8,"","","",8,31,5,22,47,4,125,7,7.8,
"Jacoby Brissett","QB","IND",2,1,"",13,"","","","","",1,1,4,10,3,3,3,1,4,47,4,4.31,
"Jaeden Graham","TE","ATL","",8,1,7,6,3,1,8,4,10,"",1,25,8,11,9,7,4,114,7,10.16,
"J.J. Taylor","RB","NE",5,9,1,15,"","","","","","","","","","","",5,16,4,25,4,3.5,
"Mack Hollins","WR","MIA",1,3,1,3,2,10,3,"",2,17,11,12,47,13,40,70,49,4,286,17,26.8,1
"Andy Isabella","WR","ARI",3,14,14,26,24,23,19,42,"",17,11,18,41,54,"","","",3,306,23,27.08,2
"Daniel Brown","WR","NYJ","","","","","","","","","","","","",1,11,4,2,7,3,28,1,2.83,
"D.J. Foster","RB","ARI","","","","","","","","","",5,"","","","","","","",3,25,2,2.21,
"Jaydon Mickens","WR","TB","","","",2,11,8,3,3,44,1,"","","","","","","",3,75,7,6.99,
"Joe Reed","WR","LAC",10,3,2,6,"","","",7,2,4,"","","","","","",12,3,27,2,2.3,
"Kalif Raymond","WR","TEN",1,18,28,20,"","",21,1,24,14,16,11,15,14,16,"",7,3,248,16,23.11,
"Ke'Shawn Vaughn","RB","TB",2,"","","",19,18,10,"","","","","","","",4,10,35,3,99,9,9.23,1
"Penny Hart","WR","SEA","",1,"",2,7,"","","","","",3,5,8,4,27,"",2,3,10,0,1.87,
"Tee Higgins","WR","CIN",1,15,60,57,43,54,59,63,57,"",55,45,45,47,65,56,64,3,805,50,74.88,6
"DeAndre Carter","WR","CHI",1,13,"","","",3,"","","",5,"","","",5,"","",8,2,21,1,2.15,
"Dezmon Patmon","WR","IND",8,"","","","","","","","","","","","","","","","",2,2,2,0.18,
"Dontrelle Inman","WR","WAS","",36,45,45,57,31,66,20,"","","","",11,10,"","","",2,323,32,29.66,2
"J.P. Holtz","TE","CHI","",5,7,2,5,5,7,4,5,6,6,"",11,1,5,7,9,2,87,5,8.12,
"Malcolm Perry","RB","MIA","","","","","","","","",7,23,23,51,6,"",33,10,1,2,156,17,14.62,1
"Patrick Laird","RB","MIA",4,4,3,1,"",10,6,"","",12,10,17,10,19,42,8,"",2,144,9,13.5,
"Tevin Coleman","RB","SF","",6,30,"","","","","",6,"","","","",4,2,6,"",2,63,7,5.76,
"Darrynton Evans","RB","TEN","","","",8,"","","","","","","","","","","",13,6,1,33,6,3.08,1
"Demetrius Harris","TE","CHI","",26,36,34,23,28,24,18,5,6,3,"",1,6,3,1,"",1,215,14,20.07,
"Derek Carrier","TE","OAK","","","",1,"","","","",1,"","",1,1,"","",2,"",1,7,0,0.65,
"Devine Ozigbo","RB","JAX","","","","","","","","","","","",2,2,"",6,3,11,1,27,3,2.6,
"Joshua Kelley","RB","LAC",2,18,43,23,30,25,"",38,21,43,17,11,19,3,"",5,"",1,297,21,25.32,
"Levante Bellamy","RB","DEN","","","","","","","","","","","","","","","","",8,1,9,1,0.84,
"Mason Schreck","TE","CIN",4,"","",1,3,"",2,15,2,"","","",1,1,2,1,1,1,30,2,2.79,
"Noah Brown","WR","DAL",2,3,8,29,22,21,23,14,16,8,"",11,13,11,8,17,18,1,227,14,19.83,
"Ryan Nall","RB","CHI","",1,3,7,1,4,1,"",2,10,17,"",3,2,3,2,11,1,68,4,6.35,1
"Adam Humphries","WR","TEN","",44,34,39,"","",41,31,12,"","","","",26,"","","","",227,32,21.16,2
"Adrian Killins","RB","PHI","","","","",8,"","","","","","","","","","","","","",8,8,1.41,
"AJ McCarron","QB","HOU","","","","","","","","","","","","","","",1,"","","",1,0,0.1,
"Albert Okwuegbunam","TE","DEN",3,"","","","","",24,31,16,15,"","","","","","","","",86,21,7.99,1
"Alex Bachman","WR","NYG","","","","","","","",1,"","","","","","","","","","",1,1,0.1,
"Alshon Jeffery","WR","PHI","","","","","","","","","","",18,3,35,35,31,52,26,"",202,28,18,1
"Alvin Kamara","RB","NO",1,45,41,41,47,58,"",51,58,37,39,23,31,48,45,40,45,"",649,40,40.6,5
"Andre Roberts","WR","BUF","",2,6,11,6,"",1,"","","",1,"","","","","",11,"",62,4,5.69,
"Anthony McFarland Jr.","RB","PIT",2,"","",10,"",5,10,5,1,8,"",3,"","","","","","",89,8,8.1,
"Antonio Callaway","WR","MIA",2,"","","","","","","","","","",8,"","",22,"","","",56,11,5.25,
"Antonio Gandy-Golden","WR","WAS","","",5,18,12,23,7,"","","","","","","","","",59,"",124,20,11.39,
"Antonio Williams","RB","BUF","","","","","","","","","","","","","","","","","","",28,28,2.57,
"Artavis Pierce","RB","CHI","","","","","","","","","",1,"","","","","","","","",13,2,1.21,
"Auden Tate","WR","CIN",3,15,"",25,22,26,"",6,33,"",12,15,10,"","","","","",170,18,15.81,
"Austin Mack","WR","NYG","","","","","","",36,12,10,38,"","","","","","","","",192,17,18.95,
"Austin Walter","RB","SF",7,"","","","","","","","","",12,"","","","","","","",12,3,1.1,
"Ben DiNucci","QB","DAL","","","","","","",3,12,79,"","","","","","","","","",94,31,8.21,
"Ben Ellefson","TE","JAX",4,13,17,"","","","",19,"",26,"",19,"","","","","","",133,19,12.83,
"Bennie Fowler","WR","NO","",7,4,11,10,24,"","","","","","","","","","","","",56,11,11.2,
"Benny Snell Jr.","RB","PIT","",29,10,15,"",15,14,6,"",5,"",5,"","","","","","",281,17,25.57,
"Ben Roethlisberger","QB","PIT","",64,65,80,"",75,58,79,53,65,69,50,72,71,57,65,68,"",1010,67,91.9,
"Blaine Gabbert","QB","TB",2,"","","","","",9,"","",1,5,"","","","","",34,"",49,12,4.57,
"Blake Jarwin","TE","DAL","",25,"","","","","","","","","","","","","","","","",25,25,2.18,
"Bo Scarbrough","RB","SEA","","","","","","","","","","","",12,"","","","","","",12,12,1,
"Brandon Aiyuk","WR","SF",1,"",44,56,64,62,62,50,63,"",68,"","",53,74,80,"","",728,60,66.54,5
"Brandon Dillon","TE","MIN","","","","","","","","","","",2,"",8,2,"","","","",12,4,1.11,
"Brandon Powell","WR","ATL",2,2,"",37,"",5,3,25,1,10,"",2,13,12,28,28,13,"",181,12,16.13,2
"Brett Rypien","QB","DEN",3,"","",13,69,"","",1,"","","","","","","","","","",83,27,7.71,
"Brian Hoyer","QB","NE",2,"","","",50,"","","","","","","","","","","","","",50,50,6.99,
"Brycen Hopkins","TE","LAR",2,"","","","","","",2,"","","","","","","","","","",2,1,0.18,
"Bryce Perkins","QB","LAR","","","","","","","","","","","","","","","","","","",0,0,0,
"Carlos Hyde","RB","SEA","",21,15,16,"","","",41,"","","",46,41,18,32,10,20,"",93,9,17.38,
"Carson Wentz","QB","PHI","",68,71,91,62,59,72,81,63,"",67,49,70,36,"","","","",568,47,100,
"Case Keenum","QB","CLE",3,"","","","","",15,"","","","","","","","","","","",15,7,1.41,
"Chase Daniel","QB","DET","","","","","","","","","",15,"","","","",7,9,34,"",65,16,6.21,
"Chris Herndon","TE","NYJ","",40,48,51,55,29,45,31,40,"","",26,"","","","","","",675,42,68.25,3
"Chris Hogan","WR","NYJ","",51,59,51,68,45,"","","","","","","","","","","","",274,54,27.7,
"Chris Myarick","TE","MIA",1,"","","","","","","","","",5,"","","","",3,"","",8,8,0.75,
"Chris Rowland","WR","ATL","","","","","","","","","","","","","","","","","","",0,0,0,
"Chris Thompson","RB","JAX","",12,31,30,16,30,20,"","",19,1,"","","","","","","",159,19,15.33,1
"Christian Kirk","WR","ARI",1,63,47,"",36,44,50,66,"",44,54,61,64,60,66,58,"","",781,55,69.12,6
"Christian McCaffrey","RB","CAR",1,65,47,"","","","","","",59,"","","","","","","","",171,57,16.57,1
"C.J. Board","WR","NYG","",21,11,24,32,28,10,"","",14,6,"",9,3,1,1,9,"",169,12,16.68,
"C.J. Prosise","RB","HOU","","",3,2,"","","","","","",2,11,10,"",13,"","","",45,4,4.6,1
"C.J. Uzomah","TE","CIN",2,49,47,"","","","","","","","","","","","","","","",96,48,8.93,1
"Clyde Edwards-Helaire","RB","KC",2,46,48,52,41,43,49,27,33,25,"",29,47,"",46,45,"","",531,33,33.2,1
"Cody Hollister","WR","TEN","",4,"","","","","","","","","","","","","","","","",31,15,2.89,
"Cole Beasley","WR","BUF","",55,41,38,18,"",34,61,36,46,58,"",53,55,61,45,35,"",680,45,62.39,4
"Collin Johnson","WR","JAX",9,9,8,20,13,23,15,12,"",9,7,5,52,39,19,1,"","",237,16,22.85,2
"Colt McCoy","QB","NYG",1,"","","","","","","","","","","",30,56,5,54,"","",145,36,14.31,
"Cooper Kupp","WR","LAR",1,62,59,62,49,56,55,62,92,"",37,52,55,54,39,48,60,"",841,56,75.16,3
"Courtland Sutton","WR","DEN",1,"",31,"","","","","","","","","","","","","","","",31,31,2.88,
"Craig Reynolds","RB","JAX",3,"","","","","","","","","","","","","","","",3,"",3,1,0.29,
"Cole Wick","TE","NO","","","","","","","","","","","","","","","","","","",0,0,0,
"Dak Prescott","QB","DAL",1,72,80,82,82,44,"","","","","","","","","","","","",360,72,31.44,1
"Dallas Goedert","TE","PHI",1,54,63,6,"","","","",53,"",62,49,71,52,59,73,41,"",177,16,31.22,3
"Dalvin Cook","RB","MIN",1,30,43,48,49,36,"","",46,38,59,38,46,79,54,52,37,"",669,47,61.83,1
"Damien Harris","RB","NE",1,"","","",23,"",12,21,20,"",32,19,34,33,22,"","","",196,19,27.41,
"Damion Ratley","WR","NYG","",18,27,18,29,34,"","","","","","","","","","","","",126,25,12.44,
"D'Andre Swift","RB","DET",1,34,20,6,23,"",29,28,38,30,"","","","","","","","",398,30,38.01,2
"Darius Bradwell","RB","LAC","","","","","","","","","","","","","","","","","","",0,0,0,
"Darrell Henderson Jr.","RB","LAR","",5,29,34,22,29,32,40,18,"",23,33,20,18,7,7,31,"",347,23,31.01,1
"Darrel Williams","RB","KC","",23,10,16,15,29,23,1,8,18,"",15,"","","","","","",158,9,9.9,
"Darrius Shepherd","WR","GB","","","",23,36,"",6,29,19,23,"",1,2,"","","","","",139,17,13.38,
"Daurice Fountain","WR","IND",3,"",15,19,15,5,"","","",10,"","","","","","","","",64,12,5.87,
"David Blough","QB","DET",4,"","","","","","","","","","","","","","","",15,"",15,15,1.43,
"David Johnson","RB","HOU","",48,"",45,36,33,56,54,"",7,"","","","","","","","",433,36,44.23,2
"DeAndre Washington","RB","KC","","","","","","","",10,"","",4,"",34,"",39,"","","",10,2,2.5,
"Dede Westbrook","WR","JAX","","","",16,"","","","","","","","","","","","","","",16,8,1.54,
"Deebo Samuel","WR","SF",1,"","","",25,57,60,41,"","","","",63,58,1,"","","",305,43,27.88,1
"DeeJay Dallas","RB","SEA",1,"","","",11,"","",12,54,20,22,7,"",12,8,"","","",97,8,18.13,1
"DeMichael Harris","WR","IND","","","","","","","","","",16,9,12,"","","","","","",0,0,"",
"Deontay Burnett","WR","PHI","","","",39,19,"","","","","","","","","","","","","",58,29,10.23,
"Deonte Harty","WR","NO",1,7,31,22,14,"","",20,39,8,21,4,"","","","","","",166,12,12.8,1
"D'Ernest Johnson","RB","CLE",3,4,2,"",17,22,17,2,6,"","",1,3,2,"",5,"","",81,5,7.63,
"DeSean Jackson","WR","PHI","",37,55,28,"","","",39,"","","","","","","","",20,"",159,31,28.04,1
"Devonta Freeman","RB","NYG","","","",15,37,37,35,12,"","","","","","","","","","",136,27,13.43,
"Dexter Williams","RB","GB","","","","","","","","","",4,"","","","","","",3,"",7,2,0.67,
"Devin Funchess","WR","GB","","","","","","","","","","","","","","","","","","",0,0,0,
"DJ Chark","WR","JAX",1,42,59,"",58,50,57,55,"",59,56,36,"",62,64,49,41,"",702,54,67.7,5
"Dominique Dafney","TE","GB",4,"","","","","","","","","","","","","","","",34,"",0,0,"",1
"Donald Parham Jr.","TE","LAC",4,"","","",1,7,"",18,10,9,"",5,"","","","",60,"",220,16,18.76,3
"D'Onta Foreman","RB","TEN",1,"","","","","","","",6,8,9,1,"","","","","","",29,4,2.7,1
"Donte Moncrief","WR","NE","","","","","","","","","","","",2,"","",5,"","","",5,0,0.7,
"Dontrell Hilliard","RB","CLE","","","","",15,"",7,"","","","","","","","","","","",0,0,0,
"De'Anthony Thomas","WR","BAL","","","","","","","","","","","","","","","","","","",0,0,0,
"Duke Williams","WR","BUF","","","","","","","",4,"","","","","","","","","","",4,4,0.37,
"Dwayne Harris","WR","CHI","","","","","","","","","","","","","","","","","","",0,0,0,
"Dwayne Haskins","QB","WAS","",70,66,64,71,"","","","","","","","","",31,80,46,"",428,61,39.3,
"Dwayne Washington","RB","NO",5,"","","","","","","","",8,"","",3,"","","","","",11,0,0.7,
"Easton Stick","QB","LAC",2,"","","","","","",2,"","","","","","","","","","",2,2,0.17,
"Elijah Holyfield","RB","PHI","","","","","","","","","","","",3,"","","","","","",3,3,"",
"Elijhaa Penny","RB","NYG","",3,4,2,1,3,5,2,3,5,11,"",14,10,2,8,"","",73,5,7.21,
"Equanimeous St. Brown","WR","GB",2,"","","","","",11,3,22,4,"",11,"","","","","","",196,16,18.86,1
"Eric Ebron","TE","PIT","",40,50,60,"",58,46,66,46,59,62,51,49,57,38,10,55,"",766,51,69.7,5
"Eric Saubert","TE","JAX",1,"","","","","","",1,"","","",23,"",17,9,12,4,"",93,11,8.97,
"Evan Baylis","TE","ARI","","","","","",4,6,6,"","","",6,22,"","","","","",43,43,3.81,
"Farrod Green","TE","IND","","",5,"","","","","","","","","","","","","","","",5,5,0.46,
"Frank Gore","RB","NYJ","",14,37,26,37,23,25,16,22,"","",35,32,2,17,40,31,"",380,25,38.42,
"Fred Brown","WR","DEN","","","","","","","","",5,"","","","","","","","","",5,5,0.46,
"Gardner Minshew","QB","JAX",2,50,75,66,68,75,64,63,"","","","","","",39,58,"","",558,62,53.81,
"Garrett Gilbert","QB","DAL","","","","","","","","","",72,"","","","","","","","",72,72,6.29,
"Geno Smith","QB","SEA",1,"","","","","","","","","","","","","",18,"","","",18,18,2,
"Golden Tate","WR","NYG","","",40,48,51,40,30,28,38,"",27,"",46,18,28,30,"","",424,35,41.86,2
"Greg Olsen","TE","SEA","",41,45,48,35,45,"",52,37,26,48,40,"","","","",12,"",329,29,61.5,1
"Gregory Howell Jr.","RB","HOU",4,"","","","","","","","",5,"","","","","","","","",47,3,4.8,
"Greg Ward","WR","PHI",3,30,13,76,48,41,58,77,59,"","",33,"","","","",86,"",402,25,70.9,6
"Harrison Bryant","TE","CLE",2,31,30,40,52,29,21,40,39,"",36,28,42,39,55,30,67,"",591,39,55.7,3
"Henry Ruggs III","WR","OAK","",42,49,"","",45,"",49,54,39,45,23,"","","","",58,"",581,44,53.7,2
"Hunter Bryant","TE","DET","","","","","","","","","","","","","","","","","","",25,5,2.39,
"Hunter Henry","TE","LAC",1,59,71,69,45,67,"",62,84,78,59,75,78,41,66,59,"","",913,65,77.83,4
"Irv Smith Jr.","TE","MIN",1,31,35,36,41,59,44,"",41,22,"",24,"","","","",73,"",545,41,50.37,5
"Isaac Nauta","TE","DET","","","","","","",18,6,6,5,13,2,8,"","","","","",60,8,5.73,
"Isaiah Wright","WR","WAS","","","",29,58,42,57,"","",16,"",12,"","","","",17,"",347,24,31.86,
"Isaiah Zuber","WR","NE","","","",6,9,"",5,"",6,"","","","","","","","","",26,6,3.64,
"Jace Sternberger","TE","GB","",12,16,20,14,"",20,20,28,18,20,12,16,3,"","","","",202,16,19.44,1
"Jacob Eason","QB","IND","","","","","","","","","","","","","","","","","","",0,0,0,
"Jake Butt","TE","DEN","",16,7,18,34,"",39,"","","","","","","","","","","",114,22,10.59,
"Jakeem Grant Sr.","WR","MIA",8,33,10,8,28,14,20,"",16,29,44,55,24,39,31,"",19,"",370,26,34.68,1
"Jake Fromm","QB","BUF",3,"","","","","","","","","","","","","","","","","",0,0,0,
"Jake Kumerow","WR","BUF","","","","","","","","","",3,"","","",4,"",5,"","",17,2,1.56,1
"Jake Luton","QB","JAX","","","","","","","","","",69,64,42,"","","","","","",191,63,18.42,
"Jaleel Scott","WR","NYJ","","","","","","","","","","","","","","",9,"","","",9,9,0.91,
"Jalen Richard","RB","OAK","",7,17,20,14,10,"",19,14,9,"","","",32,21,3,17,"",190,14,17.56,
"Ja'Marcus Bradley","WR","CLE",10,"","","","","","","","","","","","","","","","","",0,0,"",
"James Proche II","WR","BAL",1,5,"","",1,6,"","",3,1,"",1,1,4,"",3,"","",25,1,2.43,
"James Robinson","RB","JAX",3,34,38,30,52,43,44,57,"",50,53,30,63,60,40,36,"","",641,45,61.81,3
"JaMycal Hasty","RB","SF",4,"","",6,"",2,15,15,29,15,"","","","","","","","",97,12,8.87,
"Jared Goff","QB","LAR",1,73,69,69,57,68,60,72,95,"",70,72,62,83,63,59,75,"",1046,69,93.48,
"Jarrett Stidham","QB","NE",2,"","","",25,"","",20,"","","","","",9,14,"",17,"",45,9,6.29,
"Jason Croom","TE","PHI","","","","","",2,1,9,1,"","","","","","","","","",13,3,2.29,1
"Jaylen Samuels","RB","PIT","",20,5,6,"",2,5,9,8,"",1,"","",27,27,7,4,"",121,8,11.01,
"Jeff Badet","WR","WAS","","","","","","","",3,"",13,5,"","","","","","","",21,21,1.93,
"Jeff Driskel","QB","DEN",3,"",64,50,1,"","","","","","","","","","","","","",115,38,10.69,
"Jeremy Cox","RB","DEN","","","","","","","",8,6,"",4,1,"","","","","","",19,2,1.77,
"Jimmy Garoppolo","QB","SF",1,62,32,"","",31,73,66,41,"","","","","","","","","",305,50,27.88,
"Joe Burrow","QB","CIN",1,68,92,71,75,67,73,75,73,"",65,36,"","","","","","",709,70,65.95,
"Joe Flacco","QB","NYJ","","","","",4,69,71,"","","","",60,"","","","","","",250,50,25.28,
"Joe Mixon","RB","CIN",1,40,46,52,62,51,39,"","","","","","","","","","","",290,48,26.98,1
"John Lovett","TE","GB",7,1,11,2,6,"",5,9,"",11,"","","","","","","","",45,5,4.33,
"Johnny Holton","WR","NYG","","","","","","","","","","","","","","","","","","",0,0,0,
"Johnny Stanton IV","RB","CLE","","","","","","","","","","","",6,"","","","","","",12,12,1.13,
"John Ross","WR","CIN",3,57,28,"","","",1,"","","","","","","","","","","",86,28,8,
"JoJo Natson","WR","CLE","",2,3,4,"","","","","","","","","","","","","","",9,3,0.85,
"Jonathan Ward","RB","ARI",5,"","","","",3,"","","","","","","","","","","","",0,0,"",1
"Jonathan Williams","RB","DET",5,"","","","","","","","","","","",21,6,"","","","",27,5,2.58,
"Jordan Howard","RB","MIA","",9,8,4,8,"","","","",21,"","","",11,"","",7,"",50,7,4.69,
"Jordan Love","QB","GB",1,"","","","","","","","","","","","","","","","","",0,0,0,
"Jordan Reed","TE","SF","",10,28,18,"","","","","",13,31,"",31,31,33,42,"","",247,24,22.58,4
"Jordan Ta'amu","QB","KC","","","","","","","","","","","","","","","","","","",0,0,0,
"Jordan Thomas","TE","ARI","","",1,"",1,"","","","","","",4,"","","","","","",7,1,0.98,1
"Jordan Wilkins","RB","IND","",1,17,16,12,2,4,"",39,23,14,5,26,13,6,"","","",182,12,16.7,
"Josh Gordon","WR","SEA","","","","","","","","","","","","","","","","","","",0,0,0,
"Josh Hill","TE","NO","",36,22,20,40,28,"",30,22,45,9,"",39,42,18,7,"","",358,23,23.9,1
"Josh Malone","WR","NYJ","","",42,38,"","","","","","","","","","","","","","",80,20,8.09,
"Josiah Deguara","TE","GB",2,24,"","",7,"","","","","","","","","","","","","",31,15,2.98,
"Julian Edelman","WR","NE","",37,52,56,46,"",43,31,"","","","","","","","","","",265,44,37.06,
"Julio Jones","WR","ATL","",65,59,"",15,"",64,59,58,63,"",16,"",63,"","","","",468,52,41.71,3
"Justin Watson","WR","TB",2,11,54,"",56,"",13,12,5,"",4,"",1,"",3,"","","",158,14,14.73,
"Jason Vander Laan","TE","NO","","","","","","","","","","","","","","","","","","",0,0,0,
"Keelan Doss","WR","OAK",3,"","","",3,"","","","","","","","","","","","","",3,3,0.28,
"Keenan Allen","WR","LAC",1,70,81,75,50,12,"",69,85,78,55,78,78,62,57,24,"","",874,62,74.51,8
"Keith Kirkwood","WR","CAR",2,"","","","","",35,"","","","","","","","","","","",35,35,3.39,
"Kendall Hinton","WR","DEN",3,"","","","","","","","","","","","","","","","","",24,24,2.23,
"Kenjon Barner","RB","TB","","","","",4,"","","","","","","","","","",1,1,"",6,1,0.56,
"Kenny Golladay","WR","DET","","","",48,50,"",57,52,18,"","","","","","","","","",225,45,21.49,2
"Kenny Stills","WR","HOU","",22,28,8,27,16,16,22,"",15,8,2,"","","","","","",165,16,16.85,1
"Kevin White","WR","SF","","","","","",2,"","","",7,"","","","","","","","",9,9,0.82,
"Kirk Merritt","WR","MIA",8,"","","","","","","","",1,"","","","","","","","",1,1,0.09,
"KJ Hamler","WR","DEN",2,"",48,58,14,"","",30,52,55,"",38,28,42,37,49,8,"",521,40,48.42,3
"K.J. Osborn","WR","MIN",1,"","","","","","","","","","","","","","","","","",0,0,0,
"Kristian Wilkerson","WR","NE",9,"","","","","","","","","","","","","","","","","",2,2,0.28,
"Kyle Allen","QB","WAS",3,"","","","",25,73,69,"",10,"","","","","","","","",177,44,16.25,
"Kyle Rudolph","TE","MIN","",32,38,48,48,64,38,"",39,42,57,33,57,64,"","","","",572,47,52.87,1
"Lamar Miller","RB","CHI","","","","","","","","","","","","","","","","","","",5,5,0.47,
"La'Mical Perine","RB","NYJ",4,"",9,21,10,"",41,40,28,"","","","","","","","","",200,20,20.22,
"Larry Fitzgerald","WR","ARI","",65,61,56,53,60,38,66,"",51,66,55,"","",57,46,"","",745,57,65.93,1
"Latavius Murray","RB","NO",3,23,16,21,29,21,"",23,18,29,24,24,30,32,20,16,29,"",355,22,22.2,1
"Lawrence Cager","WR","NYJ",4,"","",29,10,"","","","","","","","","","","","","",39,19,3.94,
"LeSean McCoy","RB","TB","",25,11,11,5,"",19,"","","",3,"",1,"",16,12,13,"",116,11,10.81,
"Le'Veon Bell","RB","KC","",32,"","","",46,"",17,17,19,"",15,24,33,11,31,20,"",78,39,39,
"Logan Woodside","QB","TEN",3,"","","","","","","","","",6,1,3,"",6,3,3,"",21,3,1.96,
"Luke Willson","TE","BAL","",1,"","",6,"","","",3,"","",6,"",27,"","","","",10,1,1.87,
"Malik Taylor","WR","GB",7,1,15,4,45,"",32,10,13,26,8,"",2,5,"",1,4,"",166,11,15.98,1
"Malik Turner","WR","DAL",8,"","","",2,"","","","","","","","","","","","","",2,0,0.17,
"Marcus Johnson","WR","IND","","","","",34,30,40,"",48,60,18,28,26,1,8,"","","",304,27,27.89,
"Marcus Kemp","WR","KC",2,"","","","","","",10,12,"","","",4,2,4,"","","",32,3,3.6,
"Marcus Mariota","QB","OAK",2,"","","","","","","","","","","","","","",65,"","",65,65,6.01,
"Marken Michel","WR","CAR","","","","","","","","","","","","","","",3,"","","",3,3,0.29,
"Marlon Mack","RB","IND","",11,"","","","","","","","","","","","","","","","",11,11,1.01,
"Marvin Hall","WR","DET","",16,17,6,5,"",17,12,42,53,38,28,49,"","","",74,"",293,24,27.98,2
"Matt Breida","RB","MIA",2,14,16,11,17,21,16,"",8,"","",7,23,"","",19,"","",151,12,14.15,
"Matt Cole","WR","MIA","","","","","","","","","","","","","","","","","","",0,0,0,
"Matthew Slater","WR","NE",2,1,"",1,"","","","","","",1,"","",2,"","","","",3,0,0.42,
"Matt Moore","QB","KC","","","","","","","","","","","","","","","","","","",0,0,0,
"Matt Schaub","QB","ATL","","","","","","","","","","","","",9,"","","","","",9,9,0.8,
"Michael Pittman Jr.","WR","IND",1,39,67,35,"","","","",45,59,57,49,"","","","","","",700,53,64.22,1
"Michael Thomas","WR","NO",1,55,"","","","","","","",40,46,41,43,47,57,"","","",329,25,25.3,
"Mike Davis","RB","CAR","",3,24,39,55,54,60,33,46,26,25,38,37,"",49,37,41,"",579,38,56.1,2
"Miles Sanders","RB","PHI",1,"",55,71,48,50,29,"","","",48,30,43,35,56,69,57,"",253,21,44.62,
"Nathan Cottrell","RB","JAX","",1,"","","","","","","","","","","","","","","","",1,0,0.1,
"Nathan Peterman","QB","OAK",3,"","","","","","","","","","","",11,"","","","","",11,11,1.02,
"Nick Boyle","TE","BAL","",39,51,26,38,39,56,"",50,50,31,"","","","","","","",380,42,37,2
"Nick Foles","QB","CHI","","","",43,62,63,66,63,69,77,45,"","","","","",8,"",496,55,46.31,
"Nick Mullens","QB","SF",2,"",29,77,50,"","","",29,57,70,"",72,61,81,77,"","",603,60,55.12,
"Nick Westbrook-Ikhine","WR","TEN",1,"","","","","",31,"","","","","","","","","",17,"",157,11,15,
"Noah Togiai","TE","IND",3,"",37,15,"","",4,"","","",16,"","","","","","","",72,72,6.61,
"Nsimba Webster","WR","LAR",3,"","","","",2,"",2,"","",2,"","",1,1,"","","",8,0,0.71,
"Odell Beckham Jr.","WR","CLE",1,55,39,51,58,63,48,2,"","","","","","","","","","",316,45,29.78,3
"O.J. Howard","TE","TB",3,37,34,33,28,"","","","","","","","","","","","","",132,33,12.3,2
"Olamide Zaccheaus","WR","ATL",1,11,16,54,53,63,14,11,9,52,"",7,12,"","","","","",308,28,27.45,1
"Parris Campbell","WR","IND",1,61,2,"","","","","","","","","","","","","","","",63,31,5.78,
"Patrick Mahomes","QB","KC",1,69,77,75,56,72,73,41,54,62,"",57,79,64,62,98,67,"",1006,67,67.1,
"Phillip Lindsay","RB","DEN","",19,"","","","",40,14,29,28,21,27,14,26,29,23,"","",270,24,25.09,
"Preston Williams","WR","MIA","",56,61,35,43,40,40,"",44,17,"","","","","","","","",336,42,31.49,4
"Qadree Ollison","RB","ATL",6,"","","","","","","",8,5,"","","","","","","","",13,4,1.16,
"Raheem Mostert","RB","SF",1,37,13,"","",31,35,"","","","","",29,27,40,25,"","",237,29,21.66,1
"Randall Cobb","WR","HOU",2,46,40,34,48,35,44,49,"",36,32,3,"","","","","","",369,36,37.69,3
"Rashod Berry","TE","NE",4,"","","","","","","","","","","","","","","","","",0,0,0,
"Reggie Begelton","WR","GB","","","","",2,"","","","","","","","","","","","","",2,2,0.19,
"Reggie Bonnafon","RB","CAR","","","",2,21,"","","","","","","","","","","","","",23,11,2.23,1
"Reggie Gilliam","TE","BUF",1,3,3,1,3,"",3,13,9,14,"","","","","","","","",81,5,7.43,1
"Rex Burkhead","RB","NE","",19,51,32,26,"",18,25,32,"",20,6,"","","","","","",269,26,37.62,3
"Ryan Griffin","QB","TB","","","","","","","","","","","","","","","","","","",0,0,0,
"Richard Rodgers","TE","PHI","",2,"",33,22,19,43,69,16,"",21,16,22,3,1,"","","",205,14,36.16,2
"Rico Dowdle","RB","DAL",5,"","","","","",3,"","","","","","","","","",2,"",13,0,1.14,
"Riley Ridley","WR","CHI","","","","","","","","","",16,9,"",11,"",2,3,"","",41,8,3.83,
"Robert Foster","WR","WAS","","","","","","","","","","","",3,"","",5,10,7,"",27,6,2.48,
"Robert Griffin III","QB","BAL","",6,"","",10,1,"","","","","","","","","","","","",61,15,5.94,
"Robert Tonyan","TE","GB",2,48,44,39,42,"",37,31,46,41,"",32,"","","","",51,"",638,39,61.41,11
"Rodney Smith","RB","CAR","","","","","","","","","","","",5,"","","","","","",133,19,12.89,
"Ronald Jones","RB","TB",2,33,21,35,49,49,37,31,"",16,"","","","","","","","",450,32,41.94,1
"Ross Travis","TE","NYJ","","","","","","","","","","","","","","","","","","",3,3,0.3,
"Ricky Seals-Jones","TE","KC","","","","","","",2,"","","","","","","","","",4,"",6,0,0.4,
"Ryan Finley","QB","CIN","","","",1,"","","","","","","",13,"",8,7,56,"","",90,18,8.37,
"Ryan Fitzpatrick","QB","MIA","",62,75,61,71,67,51,"","","","",21,71,"","","",17,"",496,55,46.49,
"Ryan Griffin","TE","NYJ","",18,27,18,21,42,26,27,16,"","",20,"","","","","","",391,26,39.53,
"Ryan Izzo","TE","NE","",63,70,43,64,"",35,23,48,"",54,41,51,43,"","","","",583,48,81.54,
"Salvon Ahmed","RB","MIA",3,"","","","","","","","",28,"",31,"","","","",20,"",205,34,19.21,
"Sammy Watkins","WR","KC","",55,45,65,46,26,"","","","","","",57,48,54,80,51,"",527,32,32.9,2
"Saquon Barkley","RB","NYG",1,59,8,"","","","","","","","","","","","","","","",67,33,6.61,
"Scottie Phillips","RB","HOU","","","","","","","","","","","","","","","","","","",9,1,0.92,
"Sean Culkin","TE","BAL","","","","","","","","","","","","","","","","","","",15,15,1.46,
"Sean McKeon","TE","DAL",4,"",3,4,"",5,6,1,"",6,"",3,"","","","",12,"",64,4,5.59,
"Senorise Perry","RB","TEN","","",2,"","","","","","","","","","","","","","","",2,0,0.19,
"Seth DeValve","TE","ARI","","","","","","","","","","","","","","",27,"","","",48,12,4.25,
"Seth Roberts","WR","CAR","",5,19,17,8,10,15,19,"","","","","","","","","","",93,13,9.01,
"Stanley Morgan","WR","CIN",2,"","","","","","","","","","","","","","","","","",18,3,1.67,
"Stephen Sullivan","TE","SEA",4,"","","","","","","","","","","","","","","","","",0,0,0,
"Steven Mitchell Jr.","WR","HOU","","","","","","","","","","","","","","","","","","",84,14,8.58,
"Steven Montez","QB","WAS","","","","","","","","","","","","","","","","","","",0,0,0,
"Steven Sims","WR","WAS",8,58,60,23,"","","","","",16,"",15,"","","","",60,"",379,31,34.8,1
"Taiwan Jones","RB","BUF","","","","",1,"","","","","","","","","","",1,1,"",4,0,0.37,
"Tanner Hudson","TE","TB",2,"","","",8,16,8,2,3,1,7,"","","","",7,22,"",74,6,6.9,
"Tarik Cohen","RB","CHI","",30,21,26,"","","","","","","","","","","","","","",77,25,7.19,
"Taylor Heinicke","QB","WAS",2,"","","","","","","","","","","","","","","",25,"",25,25,2.3,
"Ted Ginn Jr.","WR","CHI","",28,"",16,7,4,3,4,"","","","","","","","","","",62,10,5.79,
"Temarrick Hemingway","TE","WAS","","","","","",5,10,26,"",1,1,5,9,"","","","","",62,7,5.69,
"Tim Boyle","QB","GB",4,2,5,"",1,"",3,2,"",4,"","",2,"","","",3,"",22,2,2.12,
"T.J. Yeldon","RB","BUF","","","",6,8,"","","","","","","","","","","","","",42,14,3.85,1
"Tommy Hudson","TE","TEN","","","","","","","","","","","","","","","","","","",0,0,0,
"Tony Brooks-James","RB","ATL","","","","","","","","","","","","","","","","","","",6,6,0.53,
"Tony Brown","WR","WAS","","","","","","","",4,"","","","","","","","","","",4,4,0.37,
"Trace McSorley","QB","BAL",3,"","","","","","","","","","","",9,"",11,"","","",20,10,1.95,
"Travis Homer","RB","SEA",3,13,8,16,17,23,"",16,7,31,7,"","","","","","","",131,14,24.49,1
"Travis Kelce","TE","KC",1,61,74,61,43,64,65,40,50,57,"",50,68,57,56,78,56,"",880,55,55,11
"Trenton Irwin","WR","CIN",3,"","","","","","","","","","","","","","","",5,"",5,5,0.47,
"Trent Taylor","WR","SF",1,21,28,30,37,4,6,3,35,33,4,"","","","","","","",201,16,18.37,
"Tre'Quan Smith","WR","NO",2,44,53,61,62,59,"",57,58,45,16,33,31,63,54,24,"","",660,47,47.1,4
"Trevor Siemian","QB","NO",2,"","","","","","","","","","","","","","","","","",0,0,0,
"Trey Edmunds","TE","PIT","","","","","",6,"",1,"","","","","","","","","","",7,7,0.64,
"Trishton Jackson","WR","LAR",7,"","","","","","","","","","","","","","","","","",0,0,"",
"Troymaine Pope","RB","LAC","","","","","",4,"",12,25,"","",16,6,"","","","","",63,10,5.37,
"Tajae Sharpe","WR","MIN",8,7,9,"","","","","","","","","",7,"",5,"","","",28,28,2.59,
"Tyler Bray","QB","CHI","","","","","","","","","","",5,"","","","","","","",5,5,0.47,
"Tyler Ervin","RB","GB","",14,28,23,23,"","","",20,22,8,"","",4,"","","","",142,17,13.67,
"Tyler Huntley","QB","BAL",2,"","","","","","","","","","","","","","","","","",28,14,2.73,
"Tyler Kroft","TE","BUF",4,4,31,44,20,"",30,58,37,27,"","","","","","",12,"",298,29,27.34,3
"Tyreek Hill","WR","KC",1,59,69,60,52,63,67,37,50,59,"",52,68,61,57,84,43,"",881,55,55.1,15
"Tyrod Taylor","QB","LAC",2,74,"","","","","","","",1,"","","","","","","","",75,37,6.39,
"Virgil Green","TE","LAC","",24,35,12,25,25,"",20,"","","","","","","","","","",141,23,12.02,1
"Wendell Smallwood","RB","PIT","","","","","","","","","","","","","","","","","","",0,0,0,
"William Fuller V","WR","HOU","",47,37,44,50,48,66,67,"",56,55,44,47,"","","","","",577,52,58.94,8
"Willie Snead IV","WR","BAL",3,39,41,47,32,38,49,"",59,34,45,35,"","",48,43,12,"",535,41,52.09,3
"Xavier Jones","RB","LAR","","","","","","","","","","","","","","","","","","",0,0,0,